an,regiune,valoare
2000,Regiunea A,36.0
2001,Regiunea A,36.5
2002,Regiunea A,36.8
2003,Regiunea A,37.1
2004,Regiunea A,
2005,Regiunea A,38.0
2006,Regiunea A,38.7
2007,Regiunea A,39.5
2008,Regiunea A,39.5
2009,Regiunea A,39.9
2010,Regiunea A,40.7
2011,Regiunea A,41.2
2012,Regiunea A,41.6
2013,Regiunea A,41.9
2014,Regiunea A,42.7
2015,Regiunea A,43.4
2016,Regiunea A,43.4
2017,Regiunea A,44.2
2018,Regiunea A,44.4
2019,Regiunea A,45.1
2020,Regiunea A,45.5
2021,Regiunea A,46.5
2022,Regiunea A,46.9
2023,Regiunea A,47.8
2024,Regiunea A,48.4
2025,Regiunea A,49.0
2000,Regiunea B,37.9
2001,Regiunea B,38.5
2002,Regiunea B,38.8
2003,Regiunea B,39.0
2004,Regiunea B,
2005,Regiunea B,39.2
2006,Regiunea B,39.2
2007,Regiunea B,39.4
2008,Regiunea B,40.0
2009,Regiunea B,39.7
2010,Regiunea B,40.1
2011,Regiunea B,40.5
2012,Regiunea B,40.3
2013,Regiunea B,40.6
2014,Regiunea B,40.8
2015,Regiunea B,41.0
2016,Regiunea B,40.8
2017,Regiunea B,41.4
2018,Regiunea B,41.9
2019,Regiunea B,41.3
2020,Regiunea B,42.1
2021,Regiunea B,42.1
2022,Regiunea B,42.1
2023,Regiunea B,43.0
2024,Regiunea B,42.9
2025,Regiunea B,42.6
2000,Regiunea C,34.0
2001,Regiunea C,34.5
2002,Regiunea C,34.6
2003,Regiunea C,35.1
2004,Regiunea C,35.3
2005,Regiunea C,35.8
2006,Regiunea C,36.4
2007,Regiunea C,
2008,Regiunea C,36.8
2009,Regiunea C,37.1
2010,Regiunea C,37.6
2011,Regiunea C,37.7
2012,Regiunea C,38.3
2013,Regiunea C,38.9
2014,Regiunea C,39.6
2015,Regiunea C,40.1
2016,Regiunea C,40.0
2017,Regiunea C,40.6
2018,Regiunea C,41.5
2019,Regiunea C,41.4
2020,Regiunea C,42.3
2021,Regiunea C,42.9
2022,Regiunea C,43.8
2023,Regiunea C,44.2
2024,Regiunea C,44.6
2025,Regiunea C,45.2
